Plate No.,Timestamp,Latitude,Longitude,Speed,FuelLevelPercentage,FuelLevelLitre,EngineStatus,Direction,BatteryVoltage,Odometer,GPSLocated
ABA 0048,2025-08-01T00:00:32,5.43426666666667,100.594783333333,0,43.63,126.684068,FALSE,307,25.75,207333.128,TRUE
ABA 0048,2025-08-01T00:03:31,5.43426666666667,100.594783333333,0,43.63,126.684068,FALSE,307,25.75,207333.128,TRUE
ABA 0048,2025-08-01T00:06:32,5.43426666666667,100.594783333333,0,43.63,126.684068,FALSE,307,25.74,207333.128,TRUE
ABA 0048,2025-08-01T00:09:32,5.43426666666667,100.594783333333,0,43.61,126.625996,FALSE,307,25.75,207333.128,TRUE
ABA 0048,2025-08-01T00:12:32,5.43426666666667,100.594783333333,0,43.61,126.625996,FALSE,307,25.74,207333.128,TRUE
ABA 0048,2025-08-01T00:15:32,5.43426666666667,100.594783333333,0,43.61,126.625996,FALSE,307,25.75,207333.128,TRUE
ABA 0048,2025-08-01T00:18:32,5.43426666666667,100.594783333333,0,43.62,126.655032,FALSE,307,25.75,207333.128,TRUE
ABA 0048,2025-08-01T00:21:32,5.43426666666667,100.594783333333,0,43.63,126.684068,FALSE,307,25.75,207333.128,TRUE
ABA 0048,2025-08-01T00:24:31,5.43426666666667,100.594783333333,0,43.62,126.655032,FALSE,307,25.74,207333.128,TRUE
ABA 0048,2025-08-01T00:27:32,5.43426666666667,100.594783333333,0,43.62,126.655032,FALSE,307,25.75,207333.128,TRUE
ABA 0048,2025-08-01T00:30:32,5.43426666666667,100.594783333333,0,43.63,126.684068,FALSE,307,25.74,207333.128,TRUE
ABA 0048,2025-08-01T00:33:31,5.43426666666667,100.594783333333,0,43.63,126.684068,FALSE,307,25.75,207333.128,TRUE
ABA 0048,2025-08-01T00:36:31,5.43426666666667,100.594783333333,0,43.63,126.684068,FALSE,307,25.74,207333.128,TRUE
ABA 0048,2025-08-01T00:39:32,5.43426666666667,100.594783333333,0,43.63,126.684068,FALSE,307,25.74,207333.128,TRUE
ABA 0048,2025-08-01T00:42:32,5.43426666666667,100.594783333333,0,43.64,126.713104,FALSE,307,25.75,207333.128,TRUE
ABA 0048,2025-08-01T00:45:31,5.43426666666667,100.594783333333,0,43.63,126.684068,FALSE,307,25.74,207333.128,TRUE
ABA 0048,2025-08-01T00:48:32,5.43426666666667,100.594783333333,0,43.63,126.684068,FALSE,307,25.74,207333.128,TRUE
ABA 0048,2025-08-01T00:51:32,5.43426666666667,100.594783333333,0,43.64,126.713104,FALSE,307,25.74,207333.128,TRUE
ABA 0048,2025-08-01T00:54:32,5.43426666666667,100.594783333333,0,43.64,126.713104,FALSE,307,25.75,207333.128,TRUE
ABA 0048,2025-08-01T00:57:32,5.43426666666667,100.594783333333,0,43.64,126.713104,FALSE,307,25.75,207333.128,TRUE
ABA 0048,2025-08-01T01:00:32,5.43426666666667,100.594783333333,0,43.65,126.74214,FALSE,307,25.74,207333.128,TRUE
ABA 0048,2025-08-01T01:03:32,5.43426666666667,100.594783333333,0,43.65,126.74214,FALSE,307,25.74,207333.128,TRUE
ABA 0048,2025-08-01T01:06:32,5.43426666666667,100.594783333333,0,43.65,126.74214,FALSE,307,25.74,207333.128,TRUE
ABA 0048,2025-08-01T01:09:32,5.43426666666667,100.594783333333,0,43.66,126.771176,FALSE,307,25.74,207333.128,TRUE
ABA 0048,2025-08-01T01:12:32,5.43426666666667,100.594783333333,0,43.66,126.771176,FALSE,307,25.74,207333.128,TRUE
ABA 0048,2025-08-01T01:15:32,5.43426666666667,100.594783333333,0,43.65,126.74214,FALSE,307,25.74,207333.128,TRUE
ABA 0048,2025-08-01T01:18:31,5.43426666666667,100.594783333333,0,43.66,126.771176,FALSE,307,25.74,207333.128,TRUE
ABA 0048,2025-08-01T01:21:32,5.43426666666667,100.594783333333,0,43.66,126.771176,FALSE,307,25.74,207333.128,TRUE
ABA 0048,2025-08-01T01:24:32,5.43426666666667,100.594783333333,0,43.67,126.800212,FALSE,307,25.74,207333.128,TRUE
ABA 0048,2025-08-01T01:27:32,5.43426666666667,100.594783333333,0,43.67,126.800212,FALSE,307,25.75,207333.128,TRUE
ABA 0048,2025-08-01T01:30:32,5.43426666666667,100.594783333333,0,43.67,126.800212,FALSE,307,25.74,207333.128,TRUE
