Plate No.,Timestamp,Latitude,Longitude,Speed,Fuel level percentage,Fuel level litre,Engine status (on/off),Direction,Vehicle battery voltage,Odometer,Located / Not located
ABC1234,2025-10-23T08:00:00Z,1.3521,103.8198,45,75.5,22.5,on,90,12.8,15420,located
ABC1234,2025-10-23T08:05:00Z,1.3545,103.8210,52,75.2,22.4,on,92,12.8,15424.5,located
ABC1234,2025-10-23T08:10:00Z,1.3568,103.8225,48,74.9,22.3,on,88,12.8,15428.8,located
ABC1234,2025-10-23T08:15:00Z,1.3592,103.8240,0,74.8,22.2,on,85,12.7,15428.8,located
ABC1234,2025-10-23T08:20:00Z,1.3592,103.8240,0,74.8,22.2,on,85,12.7,15428.8,located
ABC1234,2025-10-23T08:25:00Z,1.3610,103.8255,35,74.5,22.1,on,95,12.7,15431.2,located
ABC1234,2025-10-23T08:30:00Z,1.3628,103.8270,42,74.2,22.0,on,90,12.7,15434.8,located
ABC1234,2025-10-23T08:35:00Z,1.3645,103.8285,50,73.9,21.9,on,88,12.7,15439.0,located
XYZ5678,2025-10-23T08:00:00Z,1.2900,103.8500,60,82.0,28.5,on,180,13.0,28750,located
XYZ5678,2025-10-23T08:05:00Z,1.2920,103.8515,65,81.7,28.4,on,175,13.0,28755.5,located
XYZ5678,2025-10-23T08:10:00Z,1.2940,103.8530,58,81.4,28.3,on,178,13.0,28760.3,located
XYZ5678,2025-10-23T08:15:00Z,1.2960,103.8545,62,81.0,28.2,on,182,12.9,28765.5,located
XYZ5678,2025-10-23T08:20:00Z,1.2980,103.8560,55,80.7,28.1,on,185,12.9,28770.0,located
DEF9012,2025-10-23T09:00:00Z,1.3700,103.8400,40,55.2,18.5,on,270,12.5,45120,located
DEF9012,2025-10-23T09:05:00Z,1.3715,103.8420,38,54.9,18.4,on,265,12.5,45123.5,located
DEF9012,2025-10-23T09:10:00Z,1.3730,103.8440,0,54.8,18.3,on,260,12.5,45123.5,located
DEF9012,2025-10-23T09:15:00Z,1.3730,103.8440,0,54.8,18.3,on,260,12.4,45123.5,located
DEF9012,2025-10-23T09:20:00Z,1.3745,103.8460,45,54.5,18.2,on,268,12.5,45127.8,located
DEF9012,2025-10-23T09:25:00Z,1.3760,103.8480,50,54.1,18.1,on,272,12.5,45132.5,located
